item_id,source_row_zero_based,source_row_one_based,instruction_input_sha256,source_record_sha256
1,41750,41751,44af79d78e33ede9e2dbe4a1ef73990b30f3a8aeaa2cd90ed93c5b5bbadf9c53,ccbb182381234445cd4c864b5afd8963d228af18b0cbe936c0c0572b2ffbe61d
2,33718,33719,1e46c9d6c7844ddf611b8655bee061477f43471ace108e438affe9686775dfdb,3d949edf524b91a0910b57c6e5cf7ec886338dffa61269c41453ff561bb64db5
3,8587,8588,c6401cebe9103a6f17b0407eb659280a81749e5fcb5e4a3aa8db21c8e4ff8411,c7f8f07f1b3ea369bec436a8d8cc59da8348b6602f26bbdfa288b368dc130701
4,44029,44030,c543e3ea4598fd8fcab67b3f6a5884969ad44c240014d576961cd7bd8ceef63d,dd77df74346208f157e216e0e0c72155e772dcd664d69efc59dbac0ad6487b5f
5,28779,28780,ce31e1878ac8b7a271c02a9d3d53ddc74f7bc2cd7625982bcfd04282781c3df4,807f081b0d51df0bd990a3c59b1214ad2b7fadf4f2106063b8ad72af4d169442
6,23085,23086,6c6d0f33db939c23f4aa16564513825cb893444418612ed1b19ff5bd755a6026,fd03b261aa39b3fb53329442fad61fba89748d769551b8ca78127042afeccbfb
7,2110,2111,f20a4ae91dcdb61f6225d17cbde2dba4fa2ab846cec119e9470cefa74ee53ae2,1ee125434596dccad50d93b39f305e69b7b327a4f7c740ebd04c2023e0ddb9ec
8,15287,15288,db7af9369d7951e60e78f8ebc758a25655f2504bb8121c73ccb0855e6577af85,259e26ca0a603ca8a78465c93a0515169c5c2c6e0a5b342ce97afd62bc8ee3a2
9,3535,3536,398fa3934f2e1497236cc368f16366a0e503ccb4c5d19f481806e9c8a5e37e19,1d26f79c9ae67b2c4044fd7127946c5dabb8543f57e737524f6921d7d9fa46fa
10,42109,42110,15f48c44bc2311ef705162714eed22a30e6e513711ce6d6bfee4952df1744204,82925f5463f51bac0a9cd382f558140f72dca7652156be35dcd17c51f71f806e
11,48651,48652,a05d892f02e2fe1b522433fb5fe6901c3977140265889b9fece23d8e2b95f099,e969a5a9790b89da7e223faee85a34bb3f97c6eec01a65c2184d2945e4c48b38
12,4257,4258,b8c399caf9f173b7f07b18b319fbaf7f58eccde116d1b8fa3ec95079438823bb,09682855929d11b5c9c9eaec90405c8d7c0cd72c1dc40f06533603764e50674f
13,21063,21064,dd280b51de0a4669cde96f1e2dc35afafc3ca344d5893e7edb3dd2fce688fcc6,5ff91520f4660f9142565a6f874e5932425323d70ba9e8d7f273b4ff76b7199c
14,19700,19701,3b6b5c7fd0636b8088bc11db2c17a7740f5cb4d31748f37a98f16c58a09412dc,ca08441bf4eab9dff0c7c566491a534c06463609f3e4d79e7c1817dba9282323
15,46291,46292,74203491d48c6315afd8b2a3c356180b2f227c19b44177afde96d6de8465367b,23d4123291de735f04a6d10e1c3ffe43b3419875104e33ab094a1d6330cb5f59
16,41165,41166,4bb273dc8a84366bd9cee5d1fafc11a5739168b612abd0a86aaa52e756d60634,c001f4e3837d1c151c977df2df4ed894b4e434fde679b801458edb93c2819746
17,132,133,63cfcb44f1f29f8dea80ee7719c47358fe196dd860a9f212de6d6504f0261799,f2721a195fa32008051e8385639a666e40bb9c3dc965c2993309c48fefbe7ca9
18,8273,8274,6daa7b31d4528d650e7dd20d226bf1f640d959f67eaa87cbe12098b2a16d8d56,32f29b410fdc46aa02742c317f90c2e0c9f158c64c598e72c506a64131071cdc
19,10170,10171,c94e33c5afe12061eaec063c14773933e9248f39143814da36af42ccce2b2654,13ba4db62fccaa23a3a31b8450fa5b86c73910abcd12d4691c81c818b14ddca2
20,48686,48687,9b51611d6a5763be0fb6394630890aba7448c665eea0c6d1ea8127135481878d,5743469579f4a1cc6e47969876b04e45090a1d0ad1ebc5068ea6eb5b1ea72c52
21,5706,5707,945ea8207087475dbe26ae0ccf117347619d2ff0f9a87b1fecbe041a02df54c8,6d06cf65ce2a7c2708a1ddb347fa1fb9400d6f5281e1335dbd9e8f41bceb08c6
22,31306,31307,ecbf5f5755159230278db323767dd64c74733a1e0795cc9b3a7d7f2e084bd7db,23db183864ea3252e5158504e88f4dfec954d303c1fd8f5686534b0a64a994cf
23,46801,46802,dae222eb6abfb9fc611418ac3db0ee0896f34eda4027a64ddcf9c78714289a7c,d78bf0f719bec49e93888abd382837be9ad3fb4cb54d790fce1f06de4c9393c7
24,4395,4396,4f819848a118cd608eb6295b9272bf74682b77fac82da1115575e2bce6fe9ef6,9aae4e08760f1ad135a20c2c5daa88d85eabec073f78c90d606e86b6b8254fc0
25,31302,31303,dc0b7569049f1eb2c373428434186be2eb4ed61fa170d012ccd88a4267fb7538,9398cdd0dbe865fc73972b41f71d07b558d858f322e587d410322123e2326fd4
26,12145,12146,1826e707cfa343f9ee95478e491fd6420087d0f23f0812fe2ae10f028aa4f949,0d05af81b048fbd8d171b63cdde8827313314735e5ba54550ef25e6f9b8967cc
27,13700,13701,82f7aa6153317147f627ff4142c128a49f19d76f3a9ec6135768ad36387872f5,c06126e926b78753d02214477c34719f585980f49150ff25b6953af0cf6b3ef5
28,1312,1313,d6a3c7ff379568a8a2d6f2db5234fc4c22cf95631d0700bbaa117b50890b9e0b,f3e2a27359e94b31874b7ee1699a09827bf7e9b6c2e3b67af4be8ddf492f123d
29,46955,46956,de984c4d91f63bbceebc7538ca11239aeb5f9b850567e326011fc336f987ae4f,671016d5628c45bd77e61087d406cfb615f7f48e17576c06a721736e9a2acd5d
30,15442,15443,0087ff82f4aef2a5dc75e5fa0cc443770af51f5c355116a8177907ae543199d4,1063640f9a0ee638a5cb90ec5cc7b462e03f4c3c268818841fe4f3371d40c417
31,15993,15994,056b2af41db58637b9a1d2c03ea85cbb696c8a16be5bee86ce51bb4230b3bb28,259fb72006d2da734b7cb87d1db80fc939618e5d214b130ae78ff91c5c7510fa
32,27510,27511,9f994a996303748879d69de45d01cfa94144bde95a25b236108fc9ef8c8bb63d,44013614fbb883986adfd1c913ff99bd3a02e62b3ec3f20b2b4c5a5d8b501441
33,12290,12291,66febee93d0689ba4476d4931ad17737c7923aa1c95f9cc38ed2c90c747a3fd5,4435918136ee3c16eae74d99b55e844e141cab916152147a8d7d03b17ba58bbd
34,40383,40384,aa9c01f1284c146cb3a15ab872194ead997d961b24cfa5cce814cd6bfcf6002a,f730e4260a992bbb75cfaf0914b5c7c23af7d0e608c7867abf4264a7d3e3fcf2
35,6090,6091,ecfe929e41ff8bec79d8eb972edf7dc8418024b58ef5086efc4936f30f7ad5a1,d6672350956f774369745f665852d68fc7316c24be236d224ea5b2db58ade61a
36,14049,14050,6550d6eb0bbd1573beef9ecf8ddb926511d2ea1bc507c7958f290c5dfbcd0f6f,bf16ddb0c9aec51c19132284fded36599fac0817a23f0a35cd3d1ded9976ebd3
37,37752,37753,dddf8a29273cf1bec91ee8f75bb557a5e81fde3f22347e281da98b1f12a49b3c,97ea414050628acf450016822b460fbef1145c8dfe56022c96d6321020c314ff
38,30697,30698,e1c269d37dd838f614f90690f76886266a5a748c98d2153aa64f88028c98476f,352dfe302d4d552640e3b5a3ffe40e7642dd5622d05d847306e7368e8d105a43
39,23430,23431,cf78480de4d180ddb6f1bb1c3420c1d882fcf1b07e1b4eb2ef5963f9cfb3aad3,e34d67e4dc37b7baf39bd4ead11a7a13623f70b323c39c530d37e4e8fa53d9f7
40,13320,13321,745a96bff165a877866abe9e827f3be5bc05a346bd2901db9fcf716c25c3af35,0da7bfd4dcbaa26b40b16dec9ab2a14410282fe0697ab3ba2dcfe0b6f267a512
41,26522,26523,d26cd5f2c0d5d8a1f1a5eff3ff46e73c2cc3971e25466d6c3e8a51af0d4330f7,03257bf620e7538fd19019ccf03458ab14723696620e8fdeaa0783a784d25eff
42,35605,35606,eba173efd591ecf6e8334affae391d20719ec1634e7014a40b3bf6c879118c47,973da00e1f3a558e437326827866eb0b6e1a14b93eefed19e1bc4ba73a79e61c
43,11869,11870,3850bffc6c1b84f50c25903ce365fe239d41463336425e8c2be2f84c63e6f71e,1a60d327285bdef3aa36f87b557a5d0462c951fcdcced06e2a3808038a7acadc
44,22547,22548,8c25f9913b64cdec39144151d16c5f98c6f60e4d55e90a603e8860c1a2b5bc2b,815014c733fb7dfe8a7fe23e18dbec0c2516eb27fd0206dd5bdc895d22043015
45,17863,17864,4f54a11d9a33c39eaa47e92abc64027c2727360838f03d36b05f9be724c6e837,16e63fb73be3cacf0e7f982041619a079610de15715ad1f9d0e85ee1097e6b40
46,33115,33116,f85f96e162b9d51706e45c92bd6c36660fd82346415e1098f755f79beb169d99,ea34324a06cf5e232746b15bd287b9493a750421a25bbd47fabf0aa536a2d8b8
47,16330,16331,048822d5414f22032478efa7e898b9556e641b6b1e1d4ea1e853cbbd94365d28,d25acfe622671c790d42b1c7d9705137b920d84e89282dcd4bd74137058d7648
48,984,985,becf17ec94eb92e3c5a41963fb778f8bda7607fc80e177746bec454ff2761292,8757047ff52cc7c39b132ea88da90e468afd8db819738d1c112a53a5daaf91ab
49,4038,4039,b9833f3abc17d3eb2b1e404c006c8e8d5318d391920db9cd3211af41b4677d80,94dd727088f726bde02ce27401476231353c3837ee6e9a67cb93a6825a47a44f
50,35168,35169,01f98d64232a83bac2b12609492c0f37bb43785ae46cbf4107cde599fccfc08e,fc557fa2ef4ec202d5238140ce0ee4d93117d236173fabdfb96b49e07230f547
51,12036,12037,bac07591631f8421cf4bf078d9e3459abc71a3d241b69d4ad7dfa8762292ff0b,48175620118c3f8da5876fb5f321c8501e9366be5563acab568a393a10d698d9
52,8874,8875,2ff2a122dad94b7a73304416d4ccce065e57927848c9cb6025c99d06478fba43,e070819f51ba0f046dcb72c9866593bf71354660a1cfced058b3872392ea1fd2
53,20953,20954,2c19a6b7442c3037f402ab542872f8b853f0066ad57e8ee7a3a703f7f94d50b2,f63f275f039a77b5cd94c3a1905f640a3dce9dfd597f0fe3e808c86cb8f61678
54,47376,47377,801360efae52232571365c21a386bb91407ab8d8371fa30759b851da07f6d311,21d5a536ef4f133f664ce16a1846cec131cd31b013ce566d91a34a1f8377d95f
55,38997,38998,7121ff2ae5ac12fe8c97c3108fcf96bbc994240565411dc9fb2bd6ebe297de87,7501df465e63a39414270ec4c2b59fe646de9cd12fe20f5334b06144af087cc4
56,11407,11408,b6e3767ef6b7f69b9ece5ed1cdf2d2b4045d775e1f1c69334f7250972137d627,4f5fa6a36477a306e33d5feb3199484d0c308ccbbdb04dad8a637118f1d0f718
57,32255,32256,5c8f38694a8d9aab5aa83f4909edfbf4f937d942bf88213afe6099a41788c59a,9c653d6bc32de0dd352acd6ed83549343914ebd273d2ba47b76709c6a14c96ba
58,2215,2216,3c1e6ef5ee65ddbf789db2f9457cc7024891e8969eea113c475a82528ccfeb86,044292390baaf4312bce47e8bf520414ab1ac243a6ad72403a57ca3fa1fd0b2f
59,45153,45154,b6e9977998f78e80fd9684674aba8916068bd490bac731a59fd7d48cae5135d7,542027852ddc72fa5f389bf9d06544e7f021d2dc7ab29ec77b92a35e7e31034a
60,11677,11678,5796ed1eb3118bf098375d440f7d71b51fae550235e82772e3d8831070f6f548,cf503059fb527a99ac900be403937e46ba6820cfa7c0efe04609c69c02eef619
61,14611,14612,d975fdf8d4127ce5834083e2f39b517c4d517b65706bacf04bfd6502021af67a,031e912071d235c90944de24485d85806b29fc934c80b14253b30f05b938eff0
62,20038,20039,ca8703a16d05fe0a2ab4d6348d144db849356315a2ad69c5c2c3e117a5709968,c29079aa7d52ed1f69024d0d5132bf48db9e76dc12e372306c570dd237beb818
63,12450,12451,d009eb15a5ef90258ffe02c111c5fd9bf7ce34b60c449842089290377d584500,6a43f7c0de6908a2bb65784b1e34905001aeb0029cac98bd5fd8d9968a84d9a1
64,34192,34193,dde14bf88f4fe996d7761d5b80f635631c21f333c5431dbd4188066e00077636,29ed5b210cb8bfb463765ffa1d4d27edf5455c51a6040a76e507839193d0bee2
65,25030,25031,5a840b7afb35818843e8a8fa8021f5418d2ba82dcdf8c67bbc6878ca0904bb55,74c18ce393c6bd62292c3debc22a5ef73276f139c47486d9f46c319102e77db3
66,39098,39099,5ee471b8f9dd33973a457b8eadedb8bc0c141c70137df753d89c0c3c625ef53d,d89dd21610ed93a475b315f543063ce200034f81d0cfb76980648c321bc4309a
67,15908,15909,3922bccee010c44417c6bb28b14a4f0d4450c1589c2c15d57376a73f457e4ac3,6ffcff29a339422f37403c441e5814f9e02429989002ee4c552ac335d6ae2a60
68,36746,36747,1e7460cc5d20cc87d1255a4b97f2c1f2403860d2ac8eeb34034072ee4097e1af,f2d6201f2b54483d37e321f4cfb70bcf0a38d06d6a5832a5d5e19333564fe59c
69,43721,43722,43bcbbca19672f97b8ad15bbc3f7387777e3ea4a7213ff08f14b9b8b18faeaf6,9baf677702c8fc652c65b4ed650abc1b98bef0e5494ce7fa2a76d351afbcaa15
70,42100,42101,c003df6ce28bdcb776cbe8a7439e6a066e0e828fd150d91c1e554b15d182e169,2f8411ff3abc0c705000ea078cff64016bcf4058e708d9d6a2f17da1c9453bc7
71,262,263,be16d51d72b4b41f6500f82ccc7777df6a198a30c0452d06b1d332b24333334c,972fdc8ef19b7d9212fe76a1087b90fb6056c1b293adeb88e87c7c6f3291ef4e
72,16342,16343,49d0445416ff9fbc37cb89f6f9ce6da0d0ca465399134995f8e6ae452146caf6,dc7e333cb7cb031fd485292c2da2137b0dcf21fe20a7b1983143f9e86767517c
73,12119,12120,0467d42113b5451623b0e2902fbc2f323475bde8995712eb92537f98613b01c5,66b3258e35af60f1ef171f0dd5149e601613414a1d3e1fda7a747ccd4905d7cc
74,39341,39342,6dc228494ce4f62eeb9dfb2e87514a26cddf5f309ceb3758910ab69ea807a13d,2e09ba8d8b333d8eb2a347cc86da178a4828a00267315b69acf600eeaae929bb
75,27106,27107,3141462856304e6ae253c21aa0570bceec9629132aad696eb905b54c9897f1c4,c609919e30bd5d7d9ef456d05051300c869434994857c1574598a7d4eb708582
76,29743,29744,65b10a5420a0e3ed184c9eaf3d7c035eca2bddc0a82a24f0347ef6c3587b37dd,bccea8c422293e8752eb826a36bd5991d417d47be2b613c32b5b597e89dc5982
77,23485,23486,70292df21667d086f6452d7707e804b82512b8a37491acc15fa11232576c265f,6740c1103c93b010b5ed1882b7fddde9c8557520314c339b9356699c88f39687
78,16092,16093,7dbc61f38b985336c7c45a4d64a4f2c133d9c7296de0c468feff1215e2a07b69,8b1c26aa1ca6f717735f9246282770e5d0bf22143be2c2423edcc7b2d78370b4
79,34902,34903,6aec944dfb29278ebe1b480897c27e1e52ebf5a4a3098de9106995c3006b331e,1d0694916e49de0be862f067ade712fc25822f47b4864a2058994221c8d3cc1d
80,11418,11419,de7713ff07ee32826425920eb287bacdbff32130bb70c133b8cef251bad2db27,ad449b594be7b25cfa461d8df110a0e3156d8454f8a7e2e3dfb268223a9540d4
81,19422,19423,5e6de1c59967c3ab90433194e8127960104ef510fb906dc7f41935b0f6da89f5,dc2ef580897d54febed298cd5fbcc9c0a7b7aabbb9c99e8f86d1c89417e17f9e
82,9426,9427,fa62f42027a86947b0a218b4e6222b98b67b80f6652a15e6426e9b567130910d,4ab11920bf1925042a6ebfa0482714d5698e5372ac58532d92407d99c6190f10
83,19717,19718,ae76f2eaf55f2f0d8bb70bd7e8903634b8060f0383b302ea7d22a65e9ed09e6f,57a42763aa1d2a9f00de707cecd008794fc4d67c49c6092a3869b851c9093a30
84,31873,31874,7d9106656864b52513c9d7a546ab594a15885229b6efe6d4fa24afc074429ec8,e55ba8a1ea172428563cac6baa904eb2f64d97d19cfd479c96528b6a419c9c37
85,32619,32620,ba4d779f7e92051cdeef8965ca6ffa274309bf9ac19d18ae4d2a2003686c87e6,8ca9defdda454753ea23be2cec8becee72235b4a506208de32330a02390622cc
86,40531,40532,29aa9fe7a23ea2d8d000109d996d8c138d709092770842653743163a00da9d00,d258edf200f3b2d85b6242ea09b444011a93a67800ca2a65e50332b071731f10
87,1088,1089,f02f4550639886450d6f55ccc7e70ba5edc8e225ac370058d836791257781144,01c3d504831b73f85ade1fcc30d0f5d00b8d2b5f794446d69dec5a759b08e599
88,16673,16674,5c387df35080baf9d908463dcf04d9707a017d94ac6d4ba7b6fc1b815057ca87,0439af5e93bb2377aa3cd6c01ee64e21dc68527d76022ba576df348164199567
89,29813,29814,6cab4f73915afba6a5b002f871a12b639fa84f902b120915d1ec18f8ff68a338,a32e3de648cbf60f8a6917e7887073caf63589084c42d3cfc3b14e8a27d889c4
90,41620,41621,4448b131cab9cdd6b21ffe88e054a80d388d85e126ae8efc286238491a29b4c9,902956cf78f6912b1db3b72444550a393106f8e7605182f75e248b4413c6af61
91,11404,11405,cf2809fb12026d88adec686a7b6711795d64d869382782c519ea5fb855be1c6a,64c757e3de9983bb0a4098c867191dffd2bb9d1f66f59a6146a5a8d80e2a8628
92,26320,26321,45f6c5b740c19b2e2f3efa5e1831eae9d0098b4fff3fcef1476210a1d3977799,6880088b2b12a588db3463cae90e08efb96f2ffec5cce539e909285770328fab
93,18298,18299,6b6350abc06cc64101988f3f075bd6c6f32e0227c410caa7aff82d98c7de6358,bc5ee69c932512ea09bcb8010da68338b828ac590465440e5c0c979ff7cbba80
94,33809,33810,8ad35a7e6c699225b30c36fe59eb83745eee25bef636d1bf77c22e063f85ec9d,6fd859242315339b868e8cad0b9f52f3c4664dc198cb451affc8e9fc3923bdfe
95,22841,22842,2db90687de8b0be50d56c07ea069c37f3ed3053508ecb9d1807f0fbd12668aa2,7d7bdaa8b6e37ea1a6270e79c217b07d7f2705b34721259424d0cd124a26507f
96,16404,16405,f848ba4c2238c278139f721339d6997df6ff67fc89c4f09b5010cd467dcdc903,6dd6366ab858f635094691be77bebe646c8d76da939d71e181c93efd7b5b944f
97,7620,7621,be2f8d48f7fc7f8123a557d02a96e6fd490f05ce8ede698091d2691bf922801a,e58a6a16a91d203210ea46344bc052dd1f9103c5557c8b16c7b67f2132114c47
98,13860,13861,0c7d793872d4b48115681eddb07c220c7e97ecc7f3f93f49128fc10f99322497,e2b1a2c8a59431688d1e3de26d3c03e8d2bd7baa5059cfbee5db6742b2579383
99,3370,3371,2c77f7abaafa502e1aff668d5101b9128ddf55ce13a43705bc0fed8fe440d5ec,b0b4782a3923e10d2e5e22c2e0e64897912f2009e5acfac0f81d09bd284a359c
100,9996,9997,a410d02630f3517f6ab0d33bcc74c70f894909c4e8d84fe25e8a33119eb1750a,afcf89bb7be0249e6f8d0264403bc5a2ab62b33b6ce0e56f7331d1d0be90d4e2
101,16459,16460,78903c9e286f32b74000616ecde67d5caca6c395d529e74132fd5561ee89f4d7,8d8353d3a0163d56bb2515fcd9282f19195b95b9cb2b49516b6955fedb5ca877
102,11248,11249,c3afd61e3f7fabc8a99afca7081cd0c8e0cc5ef977b8da0efcdcf9e74a66efc4,d9d8f57ac27a479c5846946773683a5aceec4c67c550e8bee91f2dcf65766fa0
103,48842,48843,5e06f5b6caf942f73ba37d40dab7cb90b43463313133ed1b32b18ff48ee016ef,7474a8afd8370c796d6139ff7f4e3cb6e8827f5617224b21d4f750fb3390543b
104,10116,10117,0522d41bf93431be59dc8f6e0dec23e95d3b6da274a89a51d1b1ec88d6596134,206078b520291cc2b1ae939da4bc510de54da81136e53e15ce0294b87d539172
105,36774,36775,27bb5b5fa01efa25552e14047105e8c763d0730dd4cece5aab84b4b3a1d1cd19,14812ca0c09c11254a9869bedc26b4e4e1b1548070297be0de0d4fe1debea188
106,39427,39428,389e6b8794dfd41e3ec36bf7e673ab488abbf193d3c7d0c9ca760ebbdf6f4463,d004d2c9894a49c9149461767a781e85dc274e7073a880b5878847c5cd5b980c
107,31412,31413,2c44e29fc978f19e08278ad8f1e4f052712b2d016caa58dddbe0f3f78d1e6397,b4e160e88351400c514f768ab2a5e4e20db29c55501060df7cc2c43cb471d8c3
108,44042,44043,dfcefd33a5cf931c646c15dff06128b280ae9cd5b970819ede405c6d12d06d52,71786953749e2ce9fdc7df6b19b73ec6f1382322996c10a0946e2cfa3043eef5
109,46561,46562,38a1148847e7980b027c22846e501dbdc8b0c00e0064c47bc2af868a0dfbda86,d5c54df4d71b6a31769ce79e1107bac906a013bde6a0fbab7f96b3fd6f3dc500
110,6393,6394,248361949d3db0dfca0616b72632f9aeedec38620be0fb27cc383d32caa0b8d3,b74e91bdb8bb23e9f01657ced1bc24ca158e2d2ecb3ab84274f5ebd89c943232
111,13078,13079,a97bc5a356d600e0ca5ef01544bbfeb341a843796aa74aa43540314feeb0e597,ead3c3de881bde4348db83a5618639103c64661ce4b05e4a542d9a4fe8bcada6
112,19174,19175,461de07b8249ba242e8219ab4ac4277bd03652f246aca4ce09d6887b342db75b,275a7a7172887e97023de619277fae643344196dfe6445ae0928da7971ce1249
113,38680,38681,46093e72b2e2ed07c66bccd059fa3b2bad544137d8da23fb80454df296fdc1c4,857ab9f73dbb412f6d06f6ef467933906a541b0dfd6dc24942047111e53b58e9
114,29011,29012,82fbeacca78c31836c8870746ef9013ce17965a40f8bd9ed9f1dca95bf71e1ea,2501b32e3d4de519def071f610c9f67163c03c78a746bb8551ab56c0d4a14048
115,20389,20390,3e985c7a4c15b6c2859d4f8e0fec0a7fe20fe3602a86491dffe2c83ca72c3690,2d08c8737d76151e3b315471de230399064170b3912496494ad7b5ee849f6ec3
116,27280,27281,5d71bdcfdd1afea5cf339e930c32a1dc36ddc240927eb87145411d35af70d4ee,4690872e3262feb54bdc0ee21eeeaf3ea2a1122c7e7e3547fd808a0b2a0f0394
117,5356,5357,daaa57f42ea9bedfb95ec9549cff0cde507497b3b3896d0cdce891659524f15a,06d662af551481e22ea069bef350b0643609b872019b24916e2fb3b505a20978
118,25677,25678,4e3bf9d1f598c38d3deb57cd75be66937c5cc3bb802f6feada1e24023b7b175e,310069d428598ed67d22b47f5a9d6376fc6679092d7401dd551f724986d827b6
119,35328,35329,d6b0ffba2d11af64c60cd435f293588adafb884956712c8c0e07d75442a1b083,0f6655762904aad668bc03a15fc71a981fdfb88eea7b8a79571f749fa6cfe105
120,536,537,cfcbe074abce76ee4ec364ff1bd4de2e98f2b506ccc1584d3f2ce1fc6264deab,e7ed28c2cee0327816f52419b6152dd3c10f1d024e06425dbf1eb250e45433bd
121,45150,45151,d0a5c98c1ea526ed670d5f416cc5f1783cf32ae2de30da977624496f92e32d31,cf223bf4382127fecd83a5efbd67a800807fce50e37aab92f3674db71bcb0586
122,44462,44463,aeaa85dd2dbd941e00e0ba4420e8a938fd55f581c8c8683877c938479059335a,8c4e10be6eca38832d2a59fdcf986d511b39b026429bbcca9c17d00a0fb13d4e
123,5851,5852,38ef21d8a48c61bac72847756ddd8863cd607e453b85c498363980d3627549b8,374f278e50937e0a680150f76bfcc865ffb4e4d8aca3e3ff6501a33cf1ef64b1
124,44791,44792,48e4124e3e68dce6dedf522bdd3c3ffda6e4326757b7ef4b114b13d7375b350a,c78dbf750b01fb347a2197c7be14850207a272e4b81758ae99c2ef81d3b0f6e0
125,23266,23267,93160c94d2a5dd3730fdc98c0da4622a9f68c101c68367c6b87008029c50a76e,3314abf9a41da5a91a5dc0c8b588427611ca679975088f7bb76506ba13808154
126,12173,12174,459b3da92a4d3a2a6b65fd14a4731479749246c20c0d42499bd42b94aa4409b3,aac558615c5e9627f869d260569baa1f9dc4391810c8bd329bcb7a17b3979540
127,46525,46526,40a90878aba3091961f30ff9bc702554185b8b35319049ee6339b4cccbf6febb,a8a77c1dfffcad72670b6448e3ced00b0f7387d5fe9def6a78308d9cdeafb371
128,29731,29732,064c9da5a6a7fd4da96be67a830b6c02ac87d5bb7bc34df694e0b0cb17c54529,fff497e1071646cd34c78a1c0ce18ca64d415d369f4239c3713048da5f358488
129,18150,18151,34f37e105d75fbc49215f884b511e58a9956e8b167356d26a7f5bf03aecbdcc7,47f1a520311b235ff3e58a18b4e71024a5f93116b48203a903c44057840b3cb3
130,24015,24016,e9f3f113bbe8260681f3573a8725ba52aab7685e07e8266880b65fcb6ecc9edc,02944771e0c6f7bb6e74deb1e31562da063fe223162cdfb8bf08d009e656102a
131,578,579,3b4c686ce7f67d465b88c0e964515f71215ea100a6f9304d37ef8cca93a8b891,2fc595e8bba89f9ea345780ee991ab27c43bdfca7179ae1bc6e94d9574b2b6b1
132,5214,5215,98db6728665e7c0909ad1468c879cfeedb10050b31b6c8deb6bd90b6cf91d1e3,6207364193e6449622a59daecd5763502e91a469e672758df1d7579c3d56b624
133,47415,47416,d8bb1521f4671a7268c25ae6eb8afd2c8ca3a210e58dfd28ad889ae2dc70fa60,3a3af862acd2b3c69005a5b08fa2f9090c9fdbea0dfa30e0d26d1dfd07fd212d
134,19172,19173,4c63c009cf92930039b7e62f198a6aec08c101d8f8274f31f39683accd95fd9d,adf9969b2906058711b7743acc8b9ddeade2111f99308a7329ed9ef3982d4f43
135,20775,20776,07223c1840e617c1cbaab89dc001cf79ab82d39cc25c1afc2ba46926de794152,f6043f04d8c8255c21d8590f6d40ae236a3cc07b2945313a61b780a98339da61
136,12236,12237,022b18cfd7508da8bc5c3936f1a04bf747c441679c3116105105420a6076ac8f,4813a23a22c931059d4a9a475eaa2481dd52e24967ee364382e1fc6fc2139584
137,15875,15876,a2299a4dec7a81059356dc6228616da0ffafee1ffd278f68a90d265546cc9a0b,cfce7a69fadfac23d3915c0afa24db440b5b51a821ea084dd00e72034583ce4d
138,44180,44181,bbe0c865801c6977341c015ed713010460277a86a403a21d4fbedeeeeb26edd6,19ab3add2b2b18b62ea8ab9c4a826cfe35fa8af3a62d87cd9b69c617149b2fea
139,35537,35538,06ff5897594a9bc3a3127f8b958b968499a590babd9f13ce7ab4d4194bc34543,7ff0f3602dd4c8752817099d760d6ff5d64ab3c97a98ded36f3a922c730b535d
140,17308,17309,f5e9dc9ca47db4a6d2879168c521c40a980ebec74c22a98f28fa710ca5a3ba7c,97eac90a7e53985c2aa3b5b088ef5ea4e1d14af3079f435553f9df556d775bb0
141,7445,7446,085d49ca8deddf87d1211d31f314d0fe71c2fc7a7ea390b0a40098f360a9cbd9,37b742331775d5b4fca391e40fc757db41d5dc8aacc8cb461ddca117f61e3bed
142,28523,28524,8a68499b5974387e3994860d67702bc60e56a22a0f0ab80319b7dd09b476543d,1db44ed550d4d9c7eb491d5d59aa5479ad928a2e66f17a33be96abf084e38813
143,17263,17264,c710a9fd56295696e1a72aad2648084a667b0d414b8079d20fb1324bd354581a,31c9d038ee42591eb07dcb217388a45c6d76d0f71bd0b0b9ca141132e8f375b2
144,38445,38446,ff9c95dce42b7ec213c14fe0262e13a25a0fff6d5ddbac8f0b0dc61e4cbd2909,d1f77bae61fb92cd1fe71743e5b769ad6fa0ce4fc8584f1d2783d7d5bc09f172
145,46947,46948,fbc37598cc7365e3de8635004dc017a6e713526bd8dcdced4abfa23472bc012b,1de3b6ebe70fb422345723fb23fc2341982d575d71f1c4c367714ff8568499a3
146,5831,5832,bfaef87ee5e70b1b7313447b359292c4304e62827e60b0fca6c9bc7a4a698665,f3094cee5f1b535c8c5069cba707b0a6bbdf759d9988ad55ede93a8ff40b5ea0
147,37718,37719,7bd7c967774e0b725df9bcba871cea3b3be6ec7db99cf2867c3216f7622493a4,9d1a3abfd3a9b995e5f44d5fb0ade9bef2a717da2e5f1455c9ddd109d6d11a6f
148,6153,6154,d1508d4e4d1bb8ae9a6417ed7b142fb055a8b172494d74e3b49ac8d283ddbaef,6d4d52bfb41e4f380e00c7eb1f7ebca9b0321b1be7f770b3a6e9d6e366599b42
149,10393,10394,2fe7fb139dc2d02dca415bc1d5b966c5ddce3e92f87189a6c178991c27323c0f,24ffe4052a68d4c5a4dc12c53e30203503a52dcffc273801adb33f9ca526c35a
150,22825,22826,7d724d9c5343c0250c1daf4588867953c45b930fcd37ff96d158e9c2265a8cf7,bb3bf6b43bd280abd40d28a87ff40481b172c6ae2d88d49ffe51c27a6fcf5bbd
151,28692,28693,573a61111f151fb0b0988c8d0bd1a51762b6847feef954d7669bd8a29a879a77,a9cd0248a8256c6176cdccca5a12dc6ef32f7b0da5e91688b959dec184c4797e
152,44537,44538,e0d1c4c728438ad7cfc5d4bcd8940b109d890f35f50a933ec825aa5ea1d32561,f1a5fa0dadb34951e6f18473bbee676b29bda43408326b6806da4ce2af78cbe3
153,46823,46824,59ce63b9373c0e0652dd641f20473272d4d2e5f720d24535069118e95cc791ba,fa0193bf27ca87b5652856aba2f143f704d745014d389aa88d9c382006706be1
154,18076,18077,f4beb9f3516f9fef15e34e5ce84e652717b0b6cea2ca2aea66a1815d6fa448dc,3a1aba54b20012626166a51ac701b4c97f5a2ea1e0130905f5a3204949005c61
155,29322,29323,3a16f61c3b4aaa26444731e99232fd27f7145335936970282a1d44f58eccfc45,eaed8e441ffa476824ed9187b903940eaf563c8ce741f2225aad0ddc6016128b
156,5469,5470,a172ea46dd428b62a989057765b2af99e62f6fc03e1618de63021703f8e3c6ee,8593a5b335b600e4c11e55004467ea3bf2ab3cfa25abd6546adc0c34129153d6
157,1419,1420,6f438ad18ad7b8e15cf48334a24dfff0e702127407fc6a13d6a168c699861a5d,35c8e9c48f99360f8dd4f89b6e4a7ad40bfb9f3b1711515dacca74ca6d1a9c9f
158,15805,15806,fa539722a8fc25ac6269cf76ec527c6098b7de48df9f8729088c42a0a08681e4,82ea28f9c3d4e8a6f1dcc5fb85d39a5a0601eb0dcb99b4545748953aef74aa48
159,288,289,68af1b05d6d5b8b598c11710d297eba666300344992bea4a0f46a793ee729d56,7c96b0303649f9c9ce92f25e856e020d7c622f3e3e454e07550ec40bc2324056
160,37253,37254,c7217a58fe84d2bfb15512f9e312d99f4ea55b0f7a44b7a9aaf0c2a9bcadccac,65d952e46cda198c0ad49df6890211fc7a2d7cfe424900563a91fb2375091366
161,48764,48765,dbcf70d6bf1a733206b748b4a8cb1cf26abebe52a3c4ce7c003685b4d1028933,111d9a123d368a4c77fe26dd7ae24fc2044344fdddf743f6200ed97a93960846
162,45983,45984,ba1cfbeaae9e7b74d92df3e134c7f42a5f8c6710019ae67a2d40806337b8651b,e580d5e2e22581a56b61d1d0d95e929076eeb793a7c44d948fca4f5ec0b6dea7
163,25144,25145,88047cec28ad73a708b6116ff244d3e370a1ab925c6a978b582ba02e2531c33c,a1b46c9a1e1b2652b810bbc643320a54cfe8fd3c7445f3d123614e0f7f7f7aab
164,9962,9963,2ec833edcbc2c1e033abb985b7b2ffcac5541a6af443868c56a57ff8b2a7220f,ad81150ff9c467232779805a1325420e55e7d70898600234f5de5cb74348f5c9
165,27376,27377,b1bfb5516041d0d2de29ba0b9fbd88e1d92f6b8ca693f789ed66ec021575fc35,7abc6731763d4354b4222919d76cfb25913a82726024013b3d12b26a811bb987
166,31422,31423,6ccfbce6f674116fd668672770099adca847633ffe7e089cc8b8d0e1e3147a33,50bd41a8c2eb8a62c01743e0c8d59e291be3e6445fce5dfeb6a9022e0a3146cf
167,21821,21822,c0c323bd22ac2d0fa3a1729dd085838f431e7a6e382fc4aed95c2ee53e980057,df051c86586776b47904ae145a91ff0fe095eb5f20b0b2d0c31458f74524ae23
168,3958,3959,f29eeeefd865ca462184aa82b62b76dfa9f7b43ede9b85dabcb12e91e22b204e,bebb1f5e8f0889b152941c18af266811076eda33a269f03339b9d8c372b56f0d
169,19513,19514,cc04e0262044b1e7ef96f7e0b47a576cdfea4ab051cdbaf26f16b1a38c65cd61,520ea5a01a9dd588cea15f8c79e1853b1c8b6166364422cf0959ee7cf81fb027
170,46810,46811,a0c524148bee0d260b9bb7addbc085d28f0305d0fef2ef42beac33152cb16cd1,5b01d9286e347b6e33ef0688a2b997e3e908d051ed16d65b055728367fcdc702
171,31487,31488,9833e5d7df1277e87ccd42c6306582c2ef5d756618efe81eb75869572faa3cde,f0c8a2f8833d544e56a2ad926409ce84d63caf3bb10d4b78663c26a79ef21e90
172,48087,48088,92b280e47adf9c2b22ab8c91b3c3a4664080ca236e1dcd62029f93607640fd67,a07445badc044e90c3e4d1c47bf435ae4a2f575ad564cb6032a016af7df3446c
173,5285,5286,f0ef6339d5abd65dc561c50db2f55486f09044ddc5ebce853b72a894d4071c79,00707c59986dd528989bd676f58803ca49b9ec0477630e83bb2e2754d7db15e3
174,7396,7397,11afde8e161a05b5260dc5d0cce8c7313ffaf360200ae690cd69acf7a695163f,57bf5713cc51bda9af5ca8bbe3a0c62a7f50092bd319a186859aacdf964324f9
175,16196,16197,e6e80ad41d13b888abebd7aca08c65ba1e0ae02c4d4308d972d639df23f9ded0,d7da25f754babcaecee80e4dffd44e10edaf50d74b5241931a45565d0edcd8e9
176,15678,15679,eec8ec5ca2ec17422422f44dcaf26d3fd0d2f7d71d63b96ac6f54d4838e3b771,a8331519d599f16b9f20ddeb0b0c0c82a223d059da2ed279bd1ffc002101f6fa
177,22310,22311,52d7aacdea4a4593485e2ee00e333ae800f1f1749c74e4f7d711de1a85ae2b39,e7be5b29d0e5461589cd0b52565268ac4d96517a49cf5245248e3d629221eece
178,12673,12674,e7ff18ed95bfd074f5ff1f0af55ec3fc020252db5a48fe867e4a531bd56356fa,619299f86f4642818f416f6f4cffa5a49397887e0616c04d9a70a272435b0746
179,18782,18783,4cf292dfa8dd9ebe9816a68d33c1c504a2add56a50f751eb68ba681952d5ddb9,6a782e15edbaa909c91814cd9d9520d0e14da9f95b992433b72882170382f123
180,2608,2609,39b4e821933ff99ee72eb2c85d7bb39f9ea1264cb5910aba5dc82108c9afeb87,be8e249ec25037b3eeadf87712843343836db6b09a3c37bace35a792499f1d81
181,39659,39660,10e4edd3ba9c7a34a139da9e554effd05418b99acaae81ca8d218764366e7690,5d52bcae56b00ff5a2ecff0913eb81be2c5b73013dea67b0dd6c407df425171a
182,30251,30252,36265056eb7363895950a7da7b7563d84e3b2dabb63aa59c990d9c71b8924f6e,1bcf7dce9815955c76e310f6694626b16708dc67c638beb690fe4250c542a4c2
183,43528,43529,565903fca2616f191daa4eea77c4553460fa8ee13a01cf5e9c41234ddc642239,63925680af6ecc80d800df392f7f176e88cdc2c76527a1d2b3631ae71b20e4b5
184,9411,9412,cdb9899312732d1f7924e175e15349cd458be62ee250c72b74e06960e5221e34,e5d2df4bf7c3e4e1cb888bb51d6355bc2a53f270fa726b960a944838ff140eb1
185,2073,2074,d34ebea7c04d1ba5e6c791e7f508be4ef4ce9d7792e0f06a7f2fb084d4d38341,f56878b36ce7dba124ba2cfea91f5889c5af04316e2d4d27f1a52ce5b8826a8d
186,48762,48763,ed5abc4d63bf921e6d47b5d92e3da320c44b8c04eadb425923da5a68e953391f,154dd93013a861fdb54f9e87b9c6e8d41d8be1d1fe7ca97ef787e6e202e061fa
187,31989,31990,1e74993eb095e36687817492a57383fed2009a9436f5f22a5a24d869347eb810,a37c78a25bcd9e1441faa7934e74a30a3acd8ea223e09d19288bfd028843b24b
188,38312,38313,3a05b7c20ba19c31132aa9a0fbcdc17dbac58efd037e46866bc9052adc4ff897,4fb50c495e1610b4361ac1092df9f2a911178bbf52d03cacec9a132e5719f0c7
189,19067,19068,4e83f6682d9c493898de5a812171bbd2f114057e6927356234289505385eff2d,a170f02236bce411a8cfbcb26bf45f248456f4237e7b11f097f7e32207488220
190,12849,12850,39cf0af56a8648386a1ab4b470b4b5b7aed2a594b5c734721e5e5a63dc987d84,b6d6d0ed5ee3c9515db42e90b1be56854b19b0738626824c4102e17da094462b
191,42319,42320,593440182836af1b2fabff81826202e3e9c496d438ec27f7aeafd93297a8fb88,b67c608690a3818a620fed63d9b7edcd1b40481a3b1510bea95cbe609c50a724
192,17381,17382,7d14eea51979f6a115a422af4f724c016d5a606321bce4269d45505e8be24ac1,347fbb57dcf9867a4a0ca0c1be56b719b246079ec7a739be362758d9250429b0
193,12131,12132,ef99348c9542e12e6efa32eb830dbff49130a8c38d83c610d692184af026259b,0e6065de14236065207925c9e08cdefc6f320aeee3c0794352f4c451339d9f56
194,10285,10286,a0b3300b2deea7ef02eb4d4a19c70a9ab837d4d25e49fff51c24748ff6c0d7e5,c20f4e0ca080ce75a865fabd6aef3d504927ee04a83b40ace47c8ba662fe1c32
195,24045,24046,92cb150b7cd3d0db08d1dee1a02cd326616310893f7b07a37a2a6d09c9deea89,b7146da1ace52d8d3dad8a10795be442b28fcea1af394f7c8c0cb0736a358d72
196,18252,18253,8b95efd587c4e0ea153075d97f5b4159f771cf9f774e2241e76c94a7ce5c6287,b3b7efd50d36fa21bde5bf07f0c99e189773877970003a4b3f12c8abfd362740
197,42980,42981,811d21950730868beedaade59688363d847854ccb57685e58769857e3a8ff152,4d397fe92f2c97f1cfd91c188aa95f09d8e397100c95b197ba9ba596281e3bbc
198,46324,46325,c80afa814350e1c03bb5998823f14521cc341a9700ab3b94027d918eb68e932b,cfa3e0b87ce6eb0fbaf468473c8741ad610b4538952efeaa6dff98e3c8279df7
199,26444,26445,1f3ae8c8a7d6b34ba389a57df5c667d3868483e76d40b8e07435d452bc2edb37,bb9560b4713403d9d51ed0478a233128af8d69d7be01f818e83eb70e346a9e51
200,35122,35123,62d96b9bd2c97a94dc25fac254c51493f0325b7b40f6b999ab226f6c315a51a3,cb7a337d2c85c53f3d382139b81b9904b53a0da59bd30deeeee1b9c279a7c6dd
201,26536,26537,4906cac8dae2fdb8ebfb1ddaf56235a84fa88c279ba033eaa3af555e523453b1,991e9a2f19dcbe90e26d88f012fe98320993e5e974307f54b92d412ab3e8de55
202,1635,1636,59cf0e469c887bb1b47a3a61684d5c04ca1a94bf339436998ec38fa2cd5e97b4,0b6e7c4b405b6844795e97ee9009951c9266e3744585044879883648373cb7a3
203,22995,22996,5cb46df908adafb526385fc0384c39a4f52ae93195c9df56ed0bd899bf78a50f,3fa81c392e85544d349489d156e0dceba3b91e2fd12bee25351fe76ccfed08a0
204,18018,18019,74dcf5c9422f53c5110b0c465eeb6b55846a8cb1d3a2d3015ba5707f3434523e,31b5ee5cf94ba6e7eef9a825067bd7cc1b09c374107fea3debdc450d2cce4c25
205,6152,6153,da4c6856aa8370da55f62f54d1fe704df17fc7283046491212051244ec49531a,ff04acc457c1e0a3181a2b406fdcd9432a8d73da8134113db600658ade1742c7
206,48382,48383,912ac0e57976ec8bbb31c9d64388edc48c9a4296f1ffaa6d4589b3623cd7180c,8d482e0df1665afb8ab1c1797ee3a93f96c596b3ec4181aead47d5b8cf62932f
207,6816,6817,c39a18ecf1472fea831d2c5beb8d5a4471c2ddd5bf9c075ecd4fd4af389d59ea,27b3a61205619c74a7b9ceb3872bf3f174b2a8bcc3002e7f856bb975249ce059
208,40976,40977,f92bddb1725b7bd2e1f1485f89c62759c6713aacdf6100b01c95fd95afef18f9,0d4ed359d4565d777289bffdedc1d3d36279696679b8278cd3aaa549dda5796a
209,19844,19845,5f109b34951db32ced6fee569a81e3eeb1391491a5c98333327e33bed8fb2e46,23e091684b28e01dcbfdf2ce4afe9f7b4104fcb1f8ce4680159bfd0ddcbf9e84
210,8135,8136,31e7fc6b3b64a2355d4b9a3cde3586fe4d7c17f577c22e6f61235cbb7bf68810,8d15b85e3dce75848a972f748f57da6f623051e5ac050f81563dd01d9d2bc717
211,8662,8663,43469548c92982dd9ded01c1ab30e506e60cea2fe3ac7cbe51fcf112a8b4c35b,bb8eb07c5ba589ab00b41c27cf272c9e8d0fc753ac1442f20db1c53043bb70ad
212,11638,11639,87fe3a0a96456c70dcc1f776eb3d47b4340bda5f04f5aa86d1f757b834906b89,59959d88d85c7790fe5caf9598414a94b2f103837d40e3d8420ff2f06994bfd0
213,32447,32448,4a35d45a52d6efe8c824b92631790f9569c8952cc62b8517b3801d09a7484410,09dec07cdbb5e1980827440db1ad947e2daf134c4e833e84ae8b62ff62514d9f
214,36422,36423,af20fd2c0da654bad572ca77afc3ca669e0c7e3ff7230430d1cb9d16f51f2213,288075ba8fc704fe1667ca7a812bd7c5ad365aab191f1b8ca02bfa539df56182
215,41402,41403,abcf63e79925f24c035325042cd5d0c3437173b30ae769c01b0efb7c6bd50952,5dc352e6b74f8bf87f74c7ab21d541f4da6af95917e6efc57c4b25f8f9c9e7a7
216,4718,4719,b7261267687c700322390a6dd1fb0bebf50507916aad0761f43b65e409ed9435,8cde2a0da2936d8ac19b2ca7eddfc9f03e2686169318832aa4afffaf8b5a962e
217,40526,40527,68bcac55ff380968e92e68620fd7bcc24cbb8de8bd431b52bf0c21a09afb6332,eb29f777c3ee870fba8791bddb2173b8d78719b28596b0eab3778f3a1d99020b
218,40940,40941,4416dd26a06cb6a83e03c57e7f9b53f9288ee9078b3024910cdf56d397004609,4102c2121f5c035cbb8f3749bfc9e9155da46100039e12b87635e04909bcc211
219,37534,37535,86487401146c355cea23509f73cf156a74a919cb31c2269e562baddd0151dc65,6fb8a53b31197e20be3875418ee272159a94ca68de870cd1d18d4a7cce89aac9
220,39397,39398,85ef5d6a46425b6ef26e1bdc9207dd3ae222ddb7892a0a4cd0413de9cc3fcff4,c705219382cd768d9c0d37cdd5bb0ad75394f3a29204584a7f2b59087995265d
221,35348,35349,84ac0ab2592b6ae8907a62166429a357ba2e9da64c6643d9865e151c36cf5f55,1727bd1c232ad837ce0d95de064486411e3d7d64b617f7005dd71e39d1a332d4
222,15283,15284,93788116c477f6df84ec62dedb69781a33cb9004da88321ade81b57812dd6173,b1d857b38231557507e27d27f1cfdbb9bb4c307e7bf09ef5e5e2d63793368ab4
223,26328,26329,c35042b14d132583770e9a496a6cf2fc2429c58fa969defddf9f71937e7e6a12,7fbcd177e8d3d6adc851af16ba7495a9eb4ad76134401bb1e9808d8645ddcf14
224,13595,13596,2f727edcfdd861776036ba5fb6bc6097db29450f8adc9039296890d6a1ce27fb,5ba7ba4413c7d028e87fa7ccda764db6ea4159348b7253946dacc1a41d641923
225,30395,30396,1eaebb841d3e8083747800c539b9c897bd47f6043a506fc7561f893fbc5bebb5,ac8990a7d99da1d066a52c01a4fc98c580a3ac39dddd519902cdc76b6e6eda80
226,27585,27586,f77aa7994925f969e845b450b02e1d95079e9f85b4a03a170d81076ba18ebd65,9dad65beb4a5711303b9dc7732c88fa222c96757c6d18d6d9c1404a7a8fd8b09
227,1061,1062,20d8f298bfc97585ef6acd246e637827885a7e66695fd6572f94f686f51ede37,e0dba25627e8ec2fa48d33f73e9d5bb50fa55e85c88c219be3e2c0d59de39234
228,4989,4990,2018d77b7815e3a903cb42c2a0f03c4b9fd6302715c9e890412b61b6c2262a0b,9a8bbd238bc4ace69ff833c731927982d287c7e4ba649233717dd456a8f88341
229,1451,1452,760db5be2c307b9fc939abe63d439d618d46526d2a7e05765f26b8f699f97fce,2791396978e0e43af70207955e5c5a81d2159fc727fff282747e362ad1bba2fc
230,5467,5468,db33420d5288ee0bee030557ec2bb8d6b333a27367bc225419199532b4fddf75,85d9e95a92cb679cab6d8adefdf13defd4a505a3a9e57d42bd73f772c45d5689
231,47201,47202,ad3f9ed3777bc1b63b5623b34a186490536de3df72769c8dd3fefbee1939aa6c,6e449b1b080630e74e98d2bf3e5d929b70a0864baa4f07cf312c5fb5f118db55
232,5117,5118,2bd8d287bc59e871d467246d7d2b8151b269e1e6f9adbdbabe8ef94f28ba9c5c,5e45031eeac830d86a773ffc8e563464c7e3b434cfc7a9de6b237a4bb147b7a1
233,8788,8789,d27106ed31088101923204b43faf9e651e602da31c9609989d43b16aa79d519a,7811cbc4d936ea74b37d70a9f36446b788302b9e9f26572df30ed5cff99cbe2d
234,36235,36236,5209a6b4dce6890bcbe15d82d51151a1e498ffc1bd7efa4d19cf4ecc6b208e3d,2cd8b5999b0d4c3fe0c7eb2346316ec9b68c94f7e39bea9b8b24918e46da294e
235,3034,3035,ee86f5b4a3b2cf643d84836abbf366a96013397b21fb24f10096acdb0f1f0e4e,bbd1c33049982e834f8aac5a8e0aac73c8c7fd4f2a4f1f275447dd601448c16d
236,42912,42913,ee09d8bbaecce17a051c217432f673b7dafd096360216dfb5aaa3cf3549eabe8,efef900da24db1513da6426818ac65cbb9c9960f2e4ec6c51441b46c024e773a
237,26384,26385,a2a12112fd837b5ab12301ca3b3aeca4f6ea762acb778ad05f296f3dd3539083,b6f51af064246b7291d3a4f4f53af485d7d675382634d9c9d5ebdee9f82c23eb
238,23871,23872,1d5a74c6a716d54c520114018fefa1ba10e16666a9766589e1ef3b6350708697,0d24cf2436965e3e5a92ad87c72e2ae655a6d31da7b009856f84e68429aee500
239,25642,25643,06289884db8b93daa0ddfe1f226431021591239c434d2703244f4c49afad80eb,b86d8fa09d25c9f5f4c49968f9117d8eee0d4e7fef2d1b7020a37c68bf0e02c1
240,40266,40267,35dfb5b481ce04431520583df40e8de32ac671fc7a199fe9b9f5ade85497704d,f84f10ebcdc0ba9e339eea1d92e8d93daedc48dfe63e806e6548916156534205
241,2252,2253,ff9a7c2635a1b709a1dbd99d3093cf1f46edfab46eb069597334a0c6d421fb6f,d3c22ab4f5cd6cc15f1fb2734ab78c0314b39705986d9546b0878d0c0bbc7c8d
242,3152,3153,07c26d754559aa8bcba3ad00b0a5878d2f431b5979449850688bb49ef0f7ac5d,ddf35a5b8eee324c9cf34866dce58786abb7b586ee7ba8d771696272c4af16d4
243,28504,28505,b21bc475fd90135ce652b690e2dc8c9c3f7a1b16924c86bea972b1e109a0fbae,d80808f171c6d76a9d2348168c50ad2f9bd6c241ce7030a130a07692809398ef
244,36956,36957,c62f75756d1bbbd2883bd3252a8b1df04aa9afcd21ee52161e5a2a20ee192448,23f2e828838c919c44d4eee70fbf74f711cd63e0dc1a54b1bcd947b9d3f9cac2
245,3747,3748,c8620a9dca1a83d32f5d7aeec54a24b5e11ed7f5f5fe99516ddd29940fad732d,b648cad4c854ac4ecc3deb312d8409c5c34c957a8f466c879cc7de1382d7d48c
246,40384,40385,4f15277a0eec63546e0dc315cf9efd3780bf3957a05be57d1e2d5b1d6867d9e4,d8c28019922a59b249563b5acaeb7b012c198e9830b8f0389056fc6e44e0331e
247,11876,11877,2506642226553569b4b2e9db4ef1040001fd252854b66fae795bc538ef4661a8,df1a648910c0130e65cfb2dad0c0857b6c662f2ddb578eaa2a305a702a1f5b9b
248,2822,2823,51b81a0dbbfc3f20817df4aab2bceeead37e8c8370affeb1e47e95ea84e6808d,298d488cd0ca1517b605aab879cfe565dfdc2685d1c591c670b438c71defe84f
249,11175,11176,1a3f805a6203185c9361b8fadcf761ae869e5165f5df3ffacffc78735d65c8ad,4fcfd218e3b64d517569db9a1a2481000e8bcb18f9994d95e8a70f6a5d6e32f9
250,31510,31511,4e9931b6dfe3b654229861712a717b79805b31e9dcc13d253d3a61e63524a242,fe8c54ad8408f198638d5c14d3fddc2d46f4ef75e3f37d5633407f472fa92c56
251,29269,29270,2be2fa222596ec5cf3fc3c890da0a52a3450a94f09f6ad1a9bddbca13caacef7,c9567317769957ea66eb3f9030ab45b320349d2408d632c660c74defc5c5a013
252,47197,47198,8fdee3dd0dfc7516378311f75a2d7a19bf632edbd404973beb5b92aa3fddaf69,3513451cd942a0446a306a083e82fcc2a4f99d4b6469d60b693f31eb4d8e35f6
253,28484,28485,6bdd2cbc262ee62ea5dfd0b7892884444cb00a93daddca77075afa3f512df57f,fb8bb99ed2e91a85c1f300ad2e605e3aea280389de79773107e0179ef90524d7
254,46786,46787,b0d757da7bb5b9c1cfb91759b8780802940ef68226179631843e499377714543,915e59f4e16404161a8cd44651a6e69790def7e8a9ea870da85304ac408879a6
255,5353,5354,20680d73bbda6b3ce605c89c4bc10c0012cb6dea4a1a36d3df204e3264c9006e,2670a618258c94f9006674b74ecd5ebe3c16e427c60213b31483785ce87361e5
256,39676,39677,acd38e2d8c7554210205766b195cea162776a96a4602a109705a9c0ba5305abf,4f109b18dbc381dec0c730f0fe6224ad32f1f36d2a0d3121e0350c693c649337
257,49354,49355,a442467fdd4c786d5e54d4c03f932394d237d44683dc724f79ad659341889fae,94ab537b54634d224ffae31cadb3a8e2412ad97a416679ef0999132dadfcacb9
258,33144,33145,523f507341aa1691431ab9a5766c3bccb78324379327686c6e68c23c3d294659,217958b32e66d9a010c69f56cfe5757e4896c95b821d24e08d20834b61512617
259,30008,30009,6fa98026d059e52e04c494e85a8b6be5072f0a6a67011501647c4b1d8564fa7e,b46aded79ae5bf587a3b59cde958644d297fd4acf1266cd54f999276d16e2db1
260,34728,34729,951cfc59077a1e1efa04bf663ee96f484c83fb2915f8429c5810128307c944d9,b87632b919f8c615ac7231867959220f9e11c40a0c6fca9b02ff2f6fa9df60e6
261,14575,14576,d78af9f4efb4ce8f1f18fd97360436debe805f54ec2d729f8993651bcc4e6833,f24aaa1f1d45885271dce99b86aa243a7d2943163efc839751bb7637ab3391d3
262,36846,36847,55e8d3d6c7b3a70d1b82ae30c6a21d0abad92719af425ba4dd078e096166ce8e,3b2d7f5d4b65d7637b01f539c216b22aaff5e9f730b011d6a60739256eb8d09f
263,671,672,9c21e67342bbb59d8bec70981555c058e15cbe8e4451d1e36c3fb3f9611ea02c,748ba217491eb066edd0e01fbe5f2ec5f58fb111173641924bec964577e62359
264,15796,15797,e4b78367aed96be063167439290ca97c5a2c2bc76ece941229f5a5a03a658a21,813a9adda80c3d6720ee7d32ab9b282bfbfa11de714f030b547e80876da68203
265,13157,13158,76161b6233d8f9006b2fcb2bea84ae67ac3a965347b6ec5e4db94ffc307f6b4f,e79f823ca50f31cad75e11d4d4436b1c29b704d7f9bb159ef2c05f877d2783ba
266,44988,44989,035659cb9951e7768cbc3f96d4972e477411b45c9633aa4c39e5f865563abe25,93860e8b9ad65695aa73cb82d5023d75eb33dfe51dda8c51706f07e3e85aba36
267,8093,8094,360a67c65c2ccabf334a56f543edc22d2e98c9453c397b0856c841380ededbf1,f53bd7d580f446cecafbcee052aa2a518771d1468e7daea3bc1c75cca32aabb9
268,41624,41625,a59bb3c01d4e84b1001ae3fcf09bdfc8b601ce83bdb0e9d2890176497301fcc9,71cec010c78818da106350ef8bcc89e312c46fce1c3a3ebefbc8b3ded21dbe33
269,15318,15319,5c044381fd52c611162ff6dcd5deb73861a7c99037c06bdb525cadf7db846c45,92b2242bdc59e78336a620bc98a92abd1132d00cf4d92b1fcf1246214f7f36ef
270,40061,40062,cece29cc23a7ea0ad458ad0f4a25166ec1fe5d58de2185f3feacc835f7e2866e,75f4054efad7784f6ae34da713fa7bace1ebb4458f341e4de7546b2d0f068972
271,4165,4166,f51a018c7a51f884bcfdf1dc625a9e7c897b3e83a08c9c58a260780d56a41ad9,4c620038b5b066c89d43cdaa3396af37010ac38cc94fc5e09b937042e239c2ea
272,13214,13215,bad658332fc93bf04c77a6371aaf5561677027bfe70ff77c4b4542a2292dac56,e0560cd7eee5e5426e020150d911b1bcb46c926f8b8168c47254f975efb8e629
273,2293,2294,b2f020d77a6371c169499010e8e110f18d348b5076966a2ec3ad80c692896ad7,6da41c671cf53335e92ff8e9a813707c28b13a0a330fac13059edb9fe8a9110b
274,22171,22172,d72bc32e8c5208b0f5edd6e5b862cfa7c25089b78b5ab6f50aef74554e2b2f83,7b8317e521c307f24caeb8908be76f3e7a54913dd4698bf2be70d4eb4ee70963
275,11349,11350,f9194aaaba78dd817218ff6bcd24a9e54b9a971da2da3d29f700c6713d554245,29e5396be02e962a67958d9d649caf400f675cd86170b6d7482065e064606395
276,40023,40024,656907719176cc4344a183b854bc5b07761613633142a3e8b9203041af739170,3b2b7ada9c377da64b6f836e5c072330aae21a48105f80a7e2b09b37bd12b9aa
277,3158,3159,46b833be5585bfc8ba4caec8be650b2790e8e771e38eda8f0d101006244e3259,3df804c87e6d1611706974460a4982e5bf88906e68c215e25904f3fd8a840cee
278,17979,17980,9beda9b283708f0fd52d8b61e20971c67a791c1e3aa33357a44113928a230266,5a050e4d1ac02882e753c876b72e52fef00317b2fe52c97986d742836bdf8466
279,3214,3215,0e613204c0f8a46290a49c0bca3651a29e89888796a554f18a749a7a628325f8,bed955b70d242b1d3aab46363345626d9c254febf8be8ba957684ba137847275
280,35333,35334,072c9eeb0f9fe120cd8a306399d93f64e7b81b14bf8a9a2d7c2719d095a95051,3b3d93f2cb4ee90077172f60f6dd9cc64c8b67a127fbc2f651d8f5bdbe1d1ed4
281,29242,29243,d3f27c6685cb891ded8907a55d79209703d9df7ae05450a75574025a7b1cabc5,67e74aba73ea153a2a960f9f3cfc4104dc85556d53e84782665c5f75bae82ab1
282,27345,27346,214985a859f4717ad764fcccbede9962e27cc317032abe703edf643f8ebe204e,28493f55b56ef004095cf85c921c6186745b58ba0ced29db72ac3871da82d0ed
283,32174,32175,2af0c70af19a2354a4006e88be20e5053ac2dcfac27f4923eaed366a915c5c7a,c8570cd577d0c99de3bb23197664e7646b15670cbf47d1975c1bbc85063e24d2
284,21065,21066,59edaa1db2eeec30587ee95845affcad4128944fcd3fa9f3dc87ba3d18aadce5,bb75cec6a1e81041ca52202a39101dc3b69c54b6a1f90b9c2a5f75e5c7d61b98
285,2672,2673,81d3ee86470666c45941125358032e83e71a47271037e90f1fe531bbcf6855d7,7e8f46e3b137459c20cbf3b77e3e9dadb13502f8a09039ccc0f89c6944221332
286,35356,35357,edc871374932a3e76b896e9b35de47e7b7357242572b42d142ac291a27596db8,aae6d3188ca6e88e845d8ae5aeb4e4f45267a9f8a12a29ed3838283af4850931
287,15704,15705,b81c0fc62ff7ec123b706f7ac9732bca30d839416a4766e7094af4f99069c0cd,f78bf1796c9860398a4acc820e38f26a5ebd6b9a74840b64b3ff246300545570
288,11315,11316,db8dab525f9d6f7cd5df8a8e4baf521201bd868e63be3804a296d7ef77e51b0b,f47a587ddf60936c9606ae88b63bc40d627c8047423e08967fa6863a873f3f4b
289,9713,9714,7977ba9444fa3208491bfc92078da4339aab90118184d5eb684187dbe25a4819,0147d0af0aa82ef9ade5f9931c189d6a3967240177c3c1fedd6109e3623a5410
290,40807,40808,047b4b06df6394a22ac9ed3e0ace1e4984ca22511e49c9f7749d7aa293578ee7,87834a1c71a0acf860d8cfceaf585611405b6e568f7b4c4b94fd6358d59a771a
291,38747,38748,991c41bf1292e0d21fda338c86f161eb1c9f25379b95879803b844787fb9af3b,6138bac0720efa521ef40af41044fcdf4d4ab05de84dcdf63a0de7ae05fb4d8e
292,42004,42005,152f6729f399b0c1c8beaabe3d2ba379c2ae5ffdb0961cb9599e9765149097e2,249fb8ecfc2daa886818d3b160b97e523cfb0adb9817b5f858f191acd445ce2f
293,30220,30221,611fee9ef36ec173266dcd717659fba0444a7141305826bb1024b44047c021ad,a35dd5a6df48f07e61e860682d8475868b68e65f27834e9cb7ca9b1504dae394
294,30134,30135,72c867ab2047be3cdfa0c9277aef563c36546e4bbd8fb2539a946a8846abe7fe,53cf84c232aa775249d69878e47610d3030eff3111a79e8f7c68397033cffb0c
295,38211,38212,5cc5c4af9ef8de50c3a3ce0c61375cb16ea34ddf303d8d0150af70837a38479d,851a45b90613c418ff5942cff27c1b8ae19724f7a88d1d46a748559893d93f5f
296,3337,3338,9720dc4468a79b78cef2a3762e81c47dffe29cb60de31fdd63934c61e87939cd,c5000cba1e9ffa6cd9e90ce23f247ebcc50d7d00202af70fdb03a47d16b0cd8e
297,7454,7455,4c3fa092bef034e734feea04d73b581f0bfabc3c207d1a3b2c540df09d681f4d,3901ab23f4bf0a3c0dd73655a29ed2af6c951c609188d7b0200737acab7b6ecc
298,39060,39061,ff7237178467ef91f924036c9b3cbba6d44a986df67723e20ad00acaef14e867,d212613e15f34b056502dbdc940ddc9d0631d6404b13970328d6ea73fc46319b
299,6127,6128,d0b224bffcdc6511073cc394419030c50747224b187b3d6ef4ef3341f94c04db,97843621e6d34c602b23147cfe4a768a3798072b0276509c8b6ae3a8c3c353e0
300,40857,40858,764ec0ba0e5df83e605f74abcbb50e03da8ac7842261b17d969352efc009f27e,a98f1cfb7eb5273412ae52a259b46a68d1a445002b68b14b5b552641185bd000
301,30551,30552,16288ddc499197e266e9f4b30678996bdfdebecba72fd7ed18df5ad6a3b365df,3ed3ddce4b8b1534f5824dfa589d1196342cc3ac4f9f931ebbed5e6d8e001aab
302,23276,23277,5e6b6c44cdabdf6f9cf9a6597b7a779414dde6f2c7cca6b454d746d885a758f4,bc189c1efa2d5875f7da5fb14fe4ce3c2f8435c0f244a2a12e7148fe2203a98b
303,22755,22756,6f1e4f1d5450fe787dd00eccd0ef194f20aa9561683ba7e03cef65a0d9a39aac,f3cfbfc00c630de24732ef4cb4f873c61f6596a7e30a3143bb48bffa2d7b2ab6
304,21518,21519,bb0b04f7bf506012a93ce8f3f1fab975ce7bd6cf5eca928959d4119b9dc5f958,5e2def92091ff751c7b904d9bfb471582a6927e07f9e3602451d2acd8e2c02db
305,24626,24627,f59294446644d1389ed2ff3cc6a50cfed7c17d26854772c8f3e8e9f703376d57,f1909364de818f23b9e7caf31d906f19c2cd316d9ee10961164f576225e7989c
306,42601,42602,6276952bcc2dfdb6c6583f45534d33bf92454491744fb9db3cbeb1363d1f7550,a2416ac20377049ed22e8918cadb134129d81d2b2917f685c245b9a939eaf028
307,21479,21480,4468dffcf2dd080e57b459a04ea3a0c21b5161e44c984c86e116bed509d4200d,4ab1ab0ccf23b23dc3b6b68696952e198f85378ddaf3cbc807d688bce8cced55
308,34685,34686,0b11bc356e7d65c22f36bd1638e832ad0e2ddc86be183f4c2a818e5f1c564bde,645222cb60063ef3403f8b119ea6973b3a72f55ed65777b970fd0f327a8d4a85
309,31108,31109,9dfa842f2cd1e302b5f080447523abed09646684cb5f6bc80a0a721240a58220,9a8e2df965e05cab98c469d69633e30a57aa119128bc3a7f1ef027f7ad90e8b4
310,37828,37829,0d918b07a23931e2aa64181d6f670362327f5cf7bdbacb5d29e02c24d8d0d68f,7a7af6b21b323ebdacb050bd85c0b2be2eb44bf4af2ead6d03c9b5a97c6769d2
311,24604,24605,5a53d111c65179f7d33852487a6be8927728c34cdbeccbb4c2dec34b1634941d,874235b78953c1951b2a101ce2b3655246f529fd56496e5bd96c3cca3964edb3
312,37642,37643,f08bc74c756a02944bf8f07cd49a73381639d5e657db9d59e43df8b8dcf1bad2,69996e5add35ca5fadb984c53bd5a83ee3f1287514d7f63725a8959fec88ded3
313,543,544,72bc131710a1c110194bacca4d1f023458b6458e6bb599f2588728d5649dccf4,8a72b9bc8d1742e0b5a3ffe2a0fbdb940745bd93241fdda82f2076b4b16bbf3a
314,27104,27105,2b920bbbb78e302b1ba8489f1bdd168f1bbccbbd28220748bf7bf6de9f24affd,4b9de450d3a372d0ac5bad8ac64f32df6897625ee0b09c3784204838694f5c3d
315,3689,3690,5e24ff2043386e5aefe04cc263e361a3a706b5585e82255f4a4d557587bf15ec,5c8cc5264a7a5dde285f4c9ef5721ad2b70f9cc9512d950c79591ae29ab981c6
316,27470,27471,8e93d204677dcfa0c17eb3825773966df776792179a337c119a9dcff3c912dcb,b25f998ac97e8109834063fcdc489369b8f5d72e472b3008ec0063fa934c8522
317,42739,42740,f05dfa885250555e85ee01c6e35b3da00036333d476793e420259b7fe6085e35,b443fbe6e6eb5f73d40adf752d9e2005b399bbdcc12f0ab2d73b5e29f147e5f8
318,43002,43003,71936800e25461b5b1a551e94161232b1004ace048ce3214fff22aa69aa0b298,70a2323a4bc9b72907c7e4a886bf10779a24c5d09d0b217814234da53d8764d0
319,17151,17152,a7cdd1f863c6a9e956cc1c99313607b98b41afdedce41832dcd102abf9b7ec81,876801a9e5e31efaddef9ec5f60ef6097a050de4fa39abf8a40302026984e07e
320,32282,32283,f56c1f0f524339cea684924bbee60488e216c4040a38f7571323bcf4a680d5f4,025b1f07c5bda95e0062ab360e0716b10949d9da5fc78095a25c93f69a573cfc
321,659,660,ca25d2f9426177d991a8ea84f6dcda76039b6acdaa7f83539db777be0e17d7e5,e6e4029d1d5cc6bddf35afd750948ec84884cfcb9acddc3bc8e46885f4a6ee91
322,18107,18108,da5399578ac3a9e525a0c2608a17e76f5e6c5335065c2a23888f2bdadb6d5e53,25c2dc309ddf0834995427b000c6602d4c2c842fdca22b3c971b09a202ac409c
323,24997,24998,53ffb1fe21f46d3830baf5101cb322fd94b8b18e7fed30d047784f6cb889b6dc,e032ae05b25a59ead558e41b7e212c4da6892a62078afed61ee852dc60499e12
324,16184,16185,7e7873e6e06c1e1240d12e8a124f0e0e4b9c394bf14e3c88323ea57b85b2de33,9195906c7f5237a12bb7f640e2b80f15056c7f981fadd8badabdcaf15b71a665
325,15295,15296,8d707868fb2253288ef8a46fd1cad5b994039125833479ae7cb8bbcf708198df,b10249932e34742871d9deb493ddae87bde83fc418c1131681d9954a7b72196b
326,34987,34988,674d7003493b8f2269aa4f9ab3698788c6d4d7de13238d3469d9fa7c51a232b0,2c55e8f65e47b315b1c8b970e3a739d4e94a228f3c61f0f8c182b060b85f79eb
327,635,636,2ad1ce476107ce54647920c15d9bd94d5e9964e18e95b04500aa4ccd35604461,778f23d5746b57afefa04a433fe219ec31614e1c2de8cf49ad18a0ec877a2e5f
328,33154,33155,ec0267f7e1cc7c0c080dadd5e3409840ce6f0ca1e3ab8607a566cad47138fc6e,ddd3e87ce1170f33f1a1907a31fbbdb89ab858a47a2a23213ce0b3d5d1571ce7
329,4064,4065,f3ad01a1be83465d1bdc32b1e801674281da046ea9a38cff484e6e827028bfce,ef7887737f1ad90c0d121a03f82116874042e3d8b2bbab82b0934190586d9efc
330,8712,8713,2c156adce4dad910008977a7d4d3434aa23ac8b3a94ed7de830e32363cbfc9e3,0fa65d8bf9f7cf2cf206ad33c48485ea8d747d781cac913ea51c0f2feba0a8c3
331,766,767,a4362533b3b61cdf54f03cb0fbb0604c0da9f3a2806df2324b55f25dfa8338da,4ed190403702d497ede9b97f31d0219730427e9c851a806b3d480ef6e69c1ea4
332,15632,15633,469ff46aebc8355d355147061ac9f9f4e59d2739246db5ef8d2432dcfdccc003,0df7882ae39236ba367cb8758329d9b5883a5e93567119da2352c8c58f96a021
333,43107,43108,eb7082cdf29d0e64ddf53e271818b639d09eb4a195b1f3e67677f7238f48c0a7,c428640e0d19b2a276c4be13460304f70686c4aa50d7265e54c18ae709391165
334,45616,45617,9a51dcb97a9ec29123d6940f447c54383a6543e38c2694683fac15609dfeff39,a1b695bd68f2376cd737f4ef1656a19ac6625467f38469446d948c001fe17b5f
335,6310,6311,9fdd11ea38b73ccaaf585594eb897fb29ba5f8465897116e7c653f04b3e3f334,78aa81e490d1993a690e3d909ff17ab6f58e5012a11118faa36ff823a47d998d
336,47050,47051,7ce39ec6771b23bfaee7e94410ee1d02b2cd9b9dee5e608c494ca88b99fef91c,9fd73bbc10b09c834c05f36ea9d8278af32c817d8816e3769fbce87ba55317ae
337,49321,49322,96a2ad55a67cb3976d9fa303ff7a89722aad9252eb1645de8309f805ee149666,77be049ec3367d91a0a9f438c4a053f0bcd55efe8c39fb34c86efcf39e8650ad
338,8613,8614,614bfe910305742dac62b5db4d7b8e0df91e4ec139bc3220ef4bbfd8428a447a,fb39c23bfd63207d11425b8c0d4fbbfa93549ed829aa4b80005be1de0a9f71c1
339,25998,25999,f91d557b1f6991bc62068f97a0fb410a69fbb6baff4596493159c94bcf905120,46f7b22b55dae754a633b9a3efa7ba73de4ee5a7a3f582e516abc2643e4ed983
340,33923,33924,130a2294cf84ec95cf4c29e9f9e3f48c92f0c64677c10d733a9d35ecce1c8793,b3eb1c50c9f7e8632cefbe283c2ff42af52efe7ab4ba6565031ad77a524fc420
341,18032,18033,17be1567e754d263fe3f5f058b8f0a1c28bee137c6e3a020ef7ebe05a4ad456d,511757fe18b5d970320bff55de2992de1dd94e5210994059625f7e08746b6995
342,35598,35599,053f1cc6424fdba7f767372ffb32dd2838dd63738d617662b0ac12c6276c0d4a,927cde64f38a356758216247f9d02e07d4af3b9780a9889bcf0f54cc63e04406
343,37209,37210,6e5ff5c47a9ecda3c0084fc74498991849841396b781477f584ccfad053983ef,06984e5488d71f93299bc8318e0df3fcc1d03b491a43b0f55295b73ed8bc08fa
344,25950,25951,4dcf4b6c93865af8018c1a627cd40594c4909e9bcde50df32445510386556233,6e1b6f34c3e028a00d6a7b7cb39eb5b23971e9aec3adb132414a1c7af251be21
345,21213,21214,2453c8b3d0f4a1420e0d4caf694bb31dd557a64789579f1265b43de8aba4ba19,3f84368acb0eed1e5a5db1cee837e83aa88db96d0bc506f5a0385cbf802eed16
346,12858,12859,9c9c64cc17fd5389bbd5b3be2fea93627f14de5f5bf1caa8a411a7540b54184c,1f58d77bb8f50bcfd215bdf9c0eb8dd83e0aa16b4da3a6b8fd5e471ea77b017d
347,11968,11969,7b53baf2a8adff5bb4787a74e252a063b9942fd7d8af3e6f69fc80972a1befc9,4b966fc0636fb5c8c4f7402409df4339921a938096952dceeaeb111f36e44b27
348,27173,27174,eb21c4269633d3318f93d0dfae3838ad61f82dc3090489f9faabfd08ea3ffa7b,bd7e1907094b2c2fd24a1b2f685805b53e6f21ee3d2f3060348a624669b7a381
349,24769,24770,256b06b1d8ff54dc97b223d54b2c1afc250237ac49d0d58d027957cc110c7ea8,0e51d15a9070ccd4fb63c4198badff4ec458872b0a611e576455ba56bbb2e9f0
350,47691,47692,34ef83aa2638ed0cbbd1c92bddaf4bcbc1c0c53c8398905a720ac516f6480ede,61c6371483b3fc6271582c831b13de6324917f95c01af0f7b7654bc7eaf6d3ab
